{
    "airfoil": {
        "mean_x": [
            2878.5357737104823,
            6.7953410981696845,
            0.13644575707154755,
            51.07911813643906,
            0.010970943285357733
        ],
        "var_x": [
            9739614.328587152,
            34.62099326967522,
            0.008939260501964351,
            244.492367608339,
            0.00016567141247490985
        ],
        "mean_y": [
            124.85134276206321
        ],
        "var_y": [
            48.37867465788855
        ]
    }
}